{
    "level": {
        "range": 0.0,
        "mean": 1.0,
        "median": 1.0,
        "mode": 1.0,
        "max": 1.0,
        "min": 1.0
    },
    "matchesWon": {
        "range": 7.824242424242425,
        "mean": 1.3409224459771296,
        "median": 1.2307692307692308,
        "mode": 1.3409224459771296,
        "max": 8.090909090909092,
        "min": 0.26666666666666666
    },
    "matchesLost": {
        "range": 5.379310344827586,
        "mean": 1.1729553857740993,
        "median": 1.1,
        "mode": 1.1729553857740993,
        "max": 5.379310344827586,
        "min": 0.0
    },
    "kills": {
        "range": 340.18181818181813,
        "mean": 10.06498298991121,
        "median": 8.058823529411764,
        "mode": 10.06498298991121,
        "max": 341.09090909090907,
        "min": 0.9090909090909091
    },
    "teamKills": {
        "range": 10.666666666666666,
        "mean": 0.2629596638844699,
        "median": 0.13043478260869565,
        "mode": 0.2629596638844699,
        "max": 10.666666666666666,
        "min": 0.0
    },
    "arrests": {
        "range": 43.36363636363637,
        "mean": 0.7683623467957343,
        "median": 0.26794871794871794,
        "mode": 0.7683623467957343,
        "max": 43.36363636363637,
        "min": 0.0
    },
    "deaths": {
        "range": 278.56,
        "mean": 10.7607017092088,
        "median": 8.916666666666666,
        "mode": 10.7607017092088,
        "max": 280.0,
        "min": 1.44
    },
    "networkHacks": {
        "range": 12.011627906976743,
        "mean": 1.1398089149242971,
        "median": 0.7894736842105263,
        "mode": 1.1398089149242971,
        "max": 12.011627906976743,
        "min": 0.0
    },
    "captures": {
        "range": 12.386363636363637,
        "mean": 0.37872612021200724,
        "median": 0.2727272727272727,
        "mode": 0.37872612021200724,
        "max": 12.386363636363637,
        "min": 0.0
    },
    "pickups": {
        "range": 13.818181818181818,
        "mean": 0.902705940139954,
        "median": 0.7647058823529411,
        "mode": 0.902705940139954,
        "max": 13.818181818181818,
        "min": 0.0
    },
    "teamDamage": {
        "range": 41.10526315789474,
        "mean": 1.5029303028228191,
        "median": 0.8461538461538461,
        "mode": 1.5029303028228191,
        "max": 41.10526315789474,
        "min": 0.0
    }
}