{
    "level": {
        "range": 0.0,
        "mean": 1.0,
        "median": 1.0,
        "mode": 1.0,
        "max": 1.0,
        "min": 1.0
    },
    "matchesWon": {
        "range": 7.873170731707316,
        "mean": 1.4032230140671105,
        "median": 1.2941176470588236,
        "mode": 1.4032230140671105,
        "max": 8.073170731707316,
        "min": 0.2
    },
    "matchesLost": {
        "range": 5.379310344827586,
        "mean": 1.2482591384105464,
        "median": 1.1666666666666667,
        "mode": 1.2482591384105464,
        "max": 5.379310344827586,
        "min": 0.0
    },
    "kills": {
        "range": 157.43873517786562,
        "mean": 10.551845565493412,
        "median": 8.104355716878402,
        "mode": 10.551845565493412,
        "max": 158.34782608695653,
        "min": 0.9090909090909091
    },
    "teamKills": {
        "range": 12.26086956521739,
        "mean": 0.2818811327804106,
        "median": 0.13015245623941274,
        "mode": 0.2818811327804106,
        "max": 12.26086956521739,
        "min": 0.0
    },
    "arrests": {
        "range": 25.13953488372093,
        "mean": 0.8892938273175076,
        "median": 0.3442887931034483,
        "mode": 0.8892938273175076,
        "max": 25.13953488372093,
        "min": 0.0
    },
    "deaths": {
        "range": 156.45652173913044,
        "mean": 11.452461072595263,
        "median": 9.404545454545454,
        "mode": 11.452461072595263,
        "max": 157.95652173913044,
        "min": 1.5
    }
}